YEAR,ALL_PAGES,SOURCE_MEDIUM,PAGEVIEWS,UNIQUE_PAGEVIEWS,AVG_TIME_ON_PAGE,ENTRANCES,BOUNCE_RATE,PERCENT_EXIT,OBJECTID
2020,/coronavirus.dc.gov/,google / organic,451122,319019,0:00:58,223016,0.3786,0.3148,0
2020,/dmv.dc.gov/service/pay-tickets,google / organic,312951,249200,0:03:32,192074,0.1709,0.6429,1
2020,/dmv.dc.gov/,google / organic,231996,182116,0:00:55,127768,0.1702,0.2585,2
2020,/dchealth.dc.gov/,(direct) / (none),222549,202766,0:01:03,199787,0.8162,0.8125,3
2020,/dmv.dc.gov/,(direct) / (none),210523,175358,0:00:48,165289,0.1735,0.2354,4
2020,/dmv.dc.gov/service/pay-tickets,(direct) / (none),208723,157420,0:03:04,60238,0.3471,0.6513,5
2020,/coronavirus.dc.gov/,(direct) / (none),199987,154997,0:00:54,119432,0.5167,0.4375,6
2020,/dcps.dc.gov/,google / organic,175069,145261,0:02:05,118032,0.5289,0.5324,7
2020,/does.dc.gov/service/start-your-unemployment-compensation-process,google / organic,165289,133547,0:05:59,102272,0.1996,0.6654,8
2020,/dc.gov/,google / organic,162066,132036,0:01:05,84734,0.3012,0.3282,9
2020,/start.dc.gov/,google / organic,143683,114520,0:06:48,105362,0.0891,0.7231,10
2020,/dchr.dc.gov/page/careers,google / organic,138171,96359,0:00:23,78777,0.0803,0.0965,11
2020,/dc.gov/,(direct) / (none),133080,110585,0:01:27,98916,0.5283,0.528,12
2020,/otr.cfo.dc.gov/page/real-property-tax-database-search,google / organic,125545,105362,0:04:47,87046,0.0959,0.6411,13
2020,/coronavirus.dc.gov/page/coronavirus-data,google / organic,123633,91914,0:03:31,45501,0.6361,0.5777,14
2020,/otr.cfo.dc.gov/service/check-your-tax-refund-status,google / organic,115676,107540,0:05:40,99716,0.095,0.8553,15
2020,/dchealth.dc.gov/,google / organic,114186,89402,0:00:56,71664,0.2532,0.2834,16
2020,/dbh.dc.gov/,google / organic,98693,46279,0:06:31,43590,0.4337,0.373,17
2020,/dchr.dc.gov/node/1142587,google / organic,86223,70575,0:04:59,600,0.5933,0.67,18
2020,/start.dc.gov/,(direct) / (none),83089,63550,0:05:55,61972,0.197,0.722,19
2020,/dmv.dc.gov/service/dmv-online-services,google / organic,82644,63173,0:01:18,24851,0.1717,0.2335,20
2020,/coronavirus.dc.gov/wea,(direct) / (none),78799,69374,0:03:37,68507,0.6097,0.7574,21
2020,/otr.cfo.dc.gov/,google / organic,78110,64351,0:00:58,46279,0.1552,0.2416,22
2020,/cson.oag.dc.gov/LogReg.aspx,google / organic,73664,30297,0:00:28,6757,0.0399,0.0634,23
2020,/dmv.dc.gov/page/webcam-and-average-wait-time-georgetown-service-center,google / organic,72442,3734,0:01:17,3112,0.3001,0.0405,24
2020,/dcra.dc.gov/,google / organic,70597,50214,0:01:55,35076,0.284,0.3656,25
2020,/coronavirus.dc.gov/,t.co / referral,64484,47391,0:00:48,43545,0.3367,0.334,26
2020,/cson.oag.dc.gov/CaseInfo.aspx,google / organic,61550,25296,0:01:07,6802,0.2451,0.3637,27
2020,/does.dc.gov/,google / organic,61328,47724,0:01:18,38077,0.2545,0.3048,28
2020,/coronavirus.dc.gov/page/coronavirus-data,(direct) / (none),58416,46479,0:03:57,34409,0.7397,0.7002,29
2020,/coronavirus.dc.gov/release/mayor-bowser-orders-closure-non-essential-businesses,google / organic,58305,48880,0:03:10,18938,0.6081,0.6088,30
2020,/dcps.dc.gov/coronavirus,google / organic,56815,49813,0:03:35,29141,0.5315,0.644,31
2020,/dcps.dc.gov/page/dcps-calendars,google / organic,56571,47724,0:00:54,39388,0.1985,0.3658,32
2020,/mayor.dc.gov/,google / organic,55526,38988,0:00:57,22206,0.172,0.1986,33
2020,/dc.gov/404.html?page=/DC/&from=,bing / organic,54993,6957,0:07:17,6135,0.134,0.1217,34
2020,/dchr.dc.gov/,google / organic,53637,43056,0:00:59,32764,0.1783,0.2561,35
2020,/does.dc.gov/service/unemployment-compensation-process,google / organic,53303,45057,0:03:08,28474,0.2808,0.4495,36
2019,/does.dc.gov/service/start-your-unemployment-compensation-process,google / organic,126214,104382,0:04:25,79182,0.2165,0.6713,149
2019,/dmv.dc.gov/service/contest-tickets,(direct) / (none),123967,94134,0:01:39,42680,0.0805,0.124,150
2019,/dcps.dc.gov/service/search-and-apply-dcps-jobs,google / organic,122563,82200,0:00:23,40925,0.074,0.1014,151
2019,/dcps.dc.gov/,(direct) / (none),122353,102768,0:02:04,94695,0.4867,0.634,152
2019,/dmv.dc.gov/service/dmv-road-skills-test-requirements,google / organic,122072,111472,0:04:58,109577,0.8713,0.885,153
2019,/dmv.dc.gov/service/dmv-online-services,search.usa.gov / referral,121440,69144,0:01:46,29834,0.0668,0.2064,154
2019,/dc.gov/start,search.usa.gov / referral,120668,94064,0:07:34,84376,0.1128,0.6958,155
2019,/dchealth.dc.gov/,(direct) / (none),120107,92730,0:01:01,87184,0.419,0.4056,156
2019,/dmv.dc.gov/service/pay-tickets,bing / organic,120036,82271,0:02:48,56930,0.1194,0.5573,157
2019,/dchealth.dc.gov/service/birth-certificates,google / organic,119615,78690,0:02:12,49067,0.323,0.3345,158
2019,/dbh.dc.gov/,(direct) / (none),119264,74268,0:05:42,73215,0.6194,0.5515,159
2019,/dmv.dc.gov/service/pay-tickets,search.usa.gov / referral,119194,88729,0:03:12,49067,0.1706,0.53,160
2019,/dchr.dc.gov/external-link/careers-dc,google / organic,118001,89501,0:04:22,1966,0.5,0.5503,161
2019,/cfsa.dc.gov/page/when-child-welfare-investigates-your-family,google / organic,115263,108384,0:08:37,106769,0.8753,0.9166,162
2019,/dbh.dc.gov/,bing / organic,114842,73005,0:08:08,67319,0.6361,0.599,163
2019,/dmv.dc.gov/service/knowledge-test,google / organic,114350,92519,0:00:45,64862,0.2918,0.248,164
2019,/dcra.dc.gov/,(direct) / (none),113719,84727,0:01:37,73496,0.4676,0.4537,165
2019,/dcatlas.dcgis.dc.gov/mar/,google / organic,108524,46611,0:00:34,28851,0.132,0.0673,166
2019,/dhcd.dc.gov/service/inclusionary-zoning-affordable-housing-program,google / organic,108243,83183,0:02:15,62756,0.3003,0.4371,167
2019,/dmv.dc.gov/node/1119647,(direct) / (none),105365,68863,0:01:41,7090,0.6296,0.1772,168
2019,/anc.dc.gov/,(direct) / (none),105155,103049,0:01:35,102277,0.9767,0.9606,169
2019,/dchr.dc.gov/public-employee-salary-information,google / organic,105014,80235,0:05:17,62966,0.1395,0.6023,170
2019,/dc.gov/start,yahoo / organic,103470,44364,0:08:29,43452,0.0994,0.4206,171
2019,/profiles.dcps.dc.gov/,google / organic,102347,62124,0:01:36,18462,0.3904,0.275,172
2019,/dmv.dc.gov/service/dmv-vehicle-titles,google / organic,102136,84657,0:02:29,64792,0.6807,0.5766,173
2019,/dchealth.dc.gov/dociis,search.usa.gov / referral,101855,33203,0:04:50,22884,0.1721,0.2826,174
2019,/dmv.dc.gov/node/1117687,google / organic,101364,71671,0:02:13,5054,0.2667,0.2895,175
2019,/dc.gov/directory,google / organic,99539,76023,0:00:41,10951,0.2551,0.1587,176
2019,/dmv.dc.gov/node/1115502,google / organic,98697,83604,0:03:31,8213,0.7311,0.3634,177
2019,/dmv.dc.gov/node/1118467,google / organic,98486,87184,0:11:16,22674,0.4776,0.6935,178
2019,/dmv.dc.gov/,bing / organic,97082,76304,0:00:52,55455,0.1896,0.295,179
2019,/dc.gov/start,bing / organic,96801,77006,0:06:06,69425,0.1503,0.7186,180
2019,/mpdc.dc.gov/service/file-police-report-online,google / organic,96661,89431,0:06:12,79533,0.3821,0.8388,181
2019,/dchr.dc.gov/service/find-dc-government-job,google / organic,96591,79954,0:01:03,42820,0.3115,0.2827,182
2019,/dmv.dc.gov/node/1119626,google / organic,96240,83815,0:03:36,9336,0.6409,0.5718,183
2019,/crimemap.dc.gov/CrimeMapSearch.aspx,google / organic,95678,53279,0:00:50,11582,0.3273,0.1299,184
2019,/app.ocp.dc.gov/RUI/information/nigplist.asp,google / organic,93993,17619,0:00:54,12846,0.2022,0.171,185
2019,/dmv.dc.gov/node/301372,google / organic,93572,11653,0:01:16,2597,0.4055,0.06,186
2019,/dcps.dc.gov/page/stay-informed-emergencies-delays-and-closures,google / organic,93502,80024,0:00:50,64511,0.268,0.3401,187
2019,/dmv.dc.gov/service/vehicle-registration-renewals,google / organic,93362,71530,0:04:01,49067,0.2855,0.4789,188
2019,/dc.gov/online-services,google / organic,93081,76163,0:00:58,9828,0.4242,0.2459,189
2019,/dmv.dc.gov/service/replace-a-non-driver-id-card,google / organic,91887,74759,0:03:20,70758,0.601,0.6853,190
2019,/dcps.dc.gov/node/1393401,google / organic,91817,81218,0:02:24,4001,0.4211,0.7378,191
2019,/dmv.dc.gov/service/vehicle-title-replacement,google / organic,89080,73145,0:03:09,69565,0.6596,0.7147,192
2019,/dcatlas.dcgis.dc.gov/mar/location_detail.aspx,google / organic,88167,38959,0:02:49,211,0.3318,0.3169,193
2019,/crimemap.dc.gov/Report.aspx,google / organic,87956,34607,0:00:56,211,0,0.1173,194
2019,/dchr.dc.gov/,(direct) / (none),86763,68442,0:01:20,62826,0.2212,0.3705,195
2019,/crimemap.dc.gov/,google / organic,85921,67319,0:00:31,57421,0.1395,0.1887,196
2019,/dmv.dc.gov/service/vehicle-inspections,google / organic,84096,67950,0:02:02,47453,0.4405,0.4583,197
2019,/dmv.dc.gov/service/residential-parking-permits,google / organic,81428,69705,0:01:35,48015,0.436,0.3655,198
2019,/dmv.dc.gov/page/webcam-and-average-wait-time-benning-ridge-service-center,google / organic,81218,7581,0:01:10,2808,0.5,0.0536,199
2018,/dmv.dc.gov/service/pay-tickets,search.usa.gov / referral,126127,88927,0:02:58,44990,0.1106,0.3091,247
2018,/dcra.dc.gov/service/dcra-online-services,google / organic,124793,94753,0:00:55,27233,0.1432,0.7935,248
2018,/does.dc.gov/,google / organic,122266,94121,0:01:39,74609,0.3183,0.2942,249
2018,/dmv.dc.gov/service/ticket-services,google / organic,121494,96087,0:00:41,35515,0.1644,0.0043,250
2018,/dmv.dc.gov/node/1118866,google / organic,121354,86822,0:04:33,2457,0.3076,0.1966,251
2018,/dmv.dc.gov/node/155482,google / organic,120161,80786,0:00:26,2878,0.4752,0.0892,252
2018,/dmv.dc.gov/service/vehicle-registrations-and-tags,google / organic,118266,85769,0:00:34,13546,0.1701,0.3662,253
2018,/crimemap.dc.gov/CrimeMapSearch.aspx,google / organic,118055,61063,0:00:53,8282,0.4068,0.6128,254
2018,/dcatlas.dcgis.dc.gov/mar/,google / organic,117564,62256,0:00:30,31725,0.0848,0.2062,255
2018,/crimemap.dc.gov/Report.aspx,google / organic,115950,44288,0:00:45,140,0.5,0.2439,256
2018,/otr.cfo.dc.gov/,(direct) / (none),115037,102895,0:00:50,91103,0.5723,0.654,257
2018,/profiles.dcps.dc.gov/,google / organic,114476,65766,0:01:42,19021,0.4529,0.4461,258
2018,/dmv.dc.gov/page/customer-wait-time-webcams-benning-ridge-service-center,google / organic,113563,7721,0:01:05,1263,0.1671,0.3823,259
2018,/dmv.dc.gov/service/pay-tickets,bing / organic,113423,78470,0:03:14,50114,0.1488,0.7162,260
2018,/dmv.dc.gov/node/1119647,(direct) / (none),112159,71802,0:02:07,6949,0.5789,0.0941,261
2018,/dmv.dc.gov/book/vehicle-registration-fees/driver-license-fees,google / organic,111809,102684,0:02:32,73907,0.8645,0.4308,262
2018,/does.dc.gov/service/start-your-unemployment-compensation-process,google / organic,110826,92226,0:05:08,65976,0.2282,0.0779,263
2018,/dmv.dc.gov/,bing / organic,109913,82260,0:00:55,61975,0.1638,0.2052,264
2018,/mpdc.dc.gov/newsroom,google / organic,108018,65766,0:00:50,46955,0.2989,0.2321,265
2018,/dchr.dc.gov/external-link/careers-dc,google / organic,107878,81979,0:04:07,1684,0.5651,0.2695,266
2018,/otr.cfo.dc.gov/service/check-your-tax-refund-status,google / organic,107667,97841,0:05:24,93700,0.1048,0.619,267
2018,/app.ocp.dc.gov/RUI/information/nigplist.asp,google / organic,105562,19512,0:01:04,15862,0.2257,0.1742,268
2018,/dmv.dc.gov/node/301372,google / organic,105421,10458,0:01:18,2386,0.2649,0.3208,269
2018,/dchr.dc.gov/node/1317531,google / organic,105141,57905,0:01:44,2106,0.3666,0.43,270
2018,/dmv.dc.gov/service/knowledge-test,google / organic,104439,84014,0:00:49,55518,0.3266,0.4005,271
2018,/dcatlas.dcgis.dc.gov/mar/location_detail.aspx,google / organic,103316,52500,0:02:44,281,0.4982,0.502,272
2018,/dmv.dc.gov/service/contest-parking-and-photo-enforcement-tickets,(direct) / (none),102684,56571,0:01:53,5966,0.5699,0.5457,273
2018,/dmv.dc.gov/service/contest-tickets,(direct) / (none),101842,78891,0:02:42,18951,0.1985,0.2997,274
2018,/dmv.dc.gov/service/ticket-services,(direct) / (none),99175,74328,0:00:26,5615,0.2598,0.7687,275
2018,/dcps.dc.gov/service/search-and-apply-dcps-jobs,google / organic,98824,69626,0:00:27,25969,0.1467,0.2896,276
2018,/dmv.dc.gov/service/vehicle-inspections,google / organic,98333,78399,0:01:57,54816,0.4311,0.1482,277
2018,/cson.oag.dc.gov/LogReg.aspx?timeout=y,google / organic,97701,28917,0:08:02,16985,0.4752,0.0599,278
2018,/sexoffender.dc.gov/,google / organic,97701,85278,0:03:52,81137,0.8529,0.3804,279
2018,/dmv.dc.gov/service/dmv-online-services,search.usa.gov / referral,97350,60080,0:01:27,21688,0.1489,0.6957,280
2018,/does.dc.gov/service/mayor-marion-s-barry-summer-youth-employment-program,google / organic,95736,85418,0:02:16,78470,0.2785,0.2038,281
2018,/dchr.dc.gov/public-employee-salary-information,google / organic,95104,72714,0:04:54,56501,0.158,0.3456,282
2018,/doc.dc.gov/service/online-scheduling-video-visitationscheduling-face-face-visitation,google / organic,94613,83593,0:07:31,73556,0.3011,0.206,283
2018,/crimemap.dc.gov/,google / organic,93560,69626,0:00:21,59519,0.111,0.1524,284
2018,/otr.cfo.dc.gov/service/recorder-deeds-document-images,google / organic,93490,77838,0:05:42,44148,0.0935,0.5125,285
2018,/dpw.dc.gov/service/find-your-trash-and-recycling-collection-schedule,google / organic,93349,67731,0:00:38,53623,0.481,0.3052,286
2018,/dcps.dc.gov/page/dcps-human-resources,google / organic,93279,70328,0:01:02,23021,0.1472,0.093,287
2018,/dcps.dc.gov/,bing / organic,92998,76153,0:02:38,69836,0.476,0.7567,288
2018,/dmv.dc.gov/service/dmv-vehicle-titles,google / organic,92296,72574,0:02:16,55518,0.71,0.821,289
2018,/mpdc.dc.gov/service/file-police-report-online,google / organic,90893,82681,0:04:58,73205,0.3751,0.2934,290
2018,/dmv.dc.gov/node/1117687,google / organic,90752,63028,0:02:43,4281,0.3017,0.5534,291
2018,/cfsa.dc.gov/page/when-child-welfare-investigates-your-family,google / organic,90050,85137,0:09:14,83663,0.8619,0.0833,292
2018,/ddot.dc.gov/,google / organic,89419,68012,0:00:59,45692,0.319,0.9158,293
2018,/dhcd.dc.gov/service/inclusionary-zoning-affordable-housing-program,google / organic,88927,67029,0:02:38,49903,0.3408,0.9758,294
2018,/does.dc.gov/service/marion-s-barry-summer-youth-employment-program-participant-information,google / organic,88717,80084,0:08:10,54185,0.2231,0.7306,295
2018,/dmv.dc.gov/node/1115502,google / organic,87664,75101,0:03:11,8703,0.7049,0.6818,296
2018,/dmv.dc.gov/page/all-DC-DMV-locations,google / organic,87103,64994,0:00:48,28566,0.326,0.2259,297
2018,/osse.dc.gov/,google / organic,86541,65555,0:01:25,47798,0.4162,0.2746,298
2018,/dmv.dc.gov/service/vehicle-registration-renewals,google / organic,85980,62818,0:04:01,42674,0.198,0.1795,299
2017,/dmv.dc.gov/page/all-DC-DMV-locations,google / organic,99255,74793,0:00:44,35283,0.2681,0.9184,367
2017,/dmv.dc.gov/service/knowledge-test,google / organic,98999,81709,0:00:47,57119,0.4025,0.2929,368
2017,/cson.oag.dc.gov/CaseInfo.aspx,google / organic,98870,52637,0:02:39,5891,0.3913,0.4484,369
2017,/dmv.dc.gov/node/1118866,google / organic,98486,70503,0:05:28,3650,0.4167,0.4377,370
2017,/dchr.dc.gov/external-link/careers-dc,google / organic,98230,67557,0:03:28,2241,0.7354,0.3979,371
2017,/dcps.dc.gov/node/1212186,google / organic,97398,80492,0:02:08,3906,0.629,0.5333,372
2017,/doh.dc.gov/,google / organic,97206,74601,0:01:09,51612,0.313,0.3249,373
2017,/doh.dc.gov/node/146112,google / organic,95797,86063,0:03:34,71591,0.8238,0.6596,374
2017,/ddot.dc.gov/,google / organic,95733,69414,0:01:09,49243,0.3407,0.0963,375
2017,/dmv.dc.gov/service/contest-parking-and-photo-enforcement-tickets,google / organic,94644,57440,0:01:23,16265,0.3779,0.1436,376
2017,/dmv.dc.gov/service/ticket-services,(direct) / (none),94068,67813,0:00:27,5635,0.3488,0.6841,377
2017,/otr.cfo.dc.gov/,(direct) / (none),93940,76010,0:01:22,63971,0.236,0.0511,378
2017,/doh.dc.gov/service/birth-certificates,google / organic,93427,73000,0:04:36,62434,0.5467,0.1948,379
2017,/dcra.dc.gov/service/corporate-registration,google / organic,93299,61154,0:01:00,28176,0.225,0.1344,380
2017,/dmv.dc.gov/node/1115502,google / organic,90226,75049,0:03:10,7940,0.6936,0.0699,381
2017,/crimemap.dc.gov/,google / organic,90162,69222,0:00:21,58144,0.1402,0.5806,382
2017,/dchr.dc.gov/page/employment-opportunities-new,google / organic,89521,80364,0:01:00,32274,0.1824,0.6215,383
2017,/dmv.dc.gov/service/pay-tickets,search.usa.gov / referral,87344,60705,0:02:47,33426,0.1266,0.2863,384
2017,/dcra.dc.gov/page/dcra-online-services,google / organic,87280,58144,0:02:11,22733,0.2368,0.2289,385
2017,/dmv.dc.gov/service/ticket-services,google / organic,86768,64804,0:00:37,19083,0.1224,0.2857,386
2017,/doc.dc.gov/service/online-scheduling-video-visitationscheduling-face-face-visitation,google / organic,86320,72680,0:06:51,64099,0.2894,0.509,387
2017,/sexoffender.dc.gov/,google / organic,85871,73833,0:04:20,69414,0.8616,0.1384,388
2017,/dmv.dc.gov/node/1117687,google / organic,83374,59105,0:02:29,3842,0.2257,0.2138,389
2017,/dcps.dc.gov/node/988142,google / organic,83310,68262,0:03:11,1921,0.8667,0.2105,390
2017,/opendata.dc.gov/,google / organic,83054,37973,0:00:30,23245,0.112,0.3245,391
2017,/mpdc.dc.gov/marijuana,google / organic,82157,77611,0:09:16,77034,0.7338,0.3404,392
2017,/dc.gov/,1.1.1.1 / referral,82029,80748,0:07:48,80748,0.9572,0.7234,393
2017,/ddot.dc.gov/page/parking-meters,google / organic,81517,71784,0:03:39,63267,0.627,0.2368,394
2017,/dc.gov/start,search.usa.gov / referral,80492,61218,0:07:09,52957,0.1906,0.3262,395
2017,/app.ocp.dc.gov/RUI/information/nigplist.asp,google / organic,80236,19595,0:01:01,17610,0.28,0.6416,396
2017,/osse.dc.gov/,google / organic,79532,58464,0:01:14,42135,0.3288,0.357,397
2017,/dcps.dc.gov/page/dcps-human-resources,google / organic,79212,62819,0:00:49,18826,0.1911,0.3523,398
2017,/dcra.dc.gov/,search.usa.gov / referral,78956,47322,0:01:20,27279,0.283,0.4535,399
2016,/dmv.dc.gov/node/1119647,google / organic,118803,78072,0:02:38,5819,0.4322,0.4928,443
2016,/dc.gov/directory,google / organic,116543,89766,0:00:41,14405,0.2334,0.2901,444
2016,/dmv.dc.gov/service/contest-tickets,google / organic,116543,87167,0:02:31,29432,0.1252,0.1878,445
2016,/inst.webinstantservice.com/,rank-checker.online / referral,114170,26947,0:03:28,26947,0.5451,0.8762,446
2016,/serff.disb.dc.gov/default.aspx,(direct) / (none),112532,1864,0:00:18,1638,0.1722,0.0294,447
2016,/does.dc.gov/,google / organic,111572,89596,0:00:56,71180,0.2341,0.3664,448
2016,/app.ocp.dc.gov/RUI/information/nigplist.asp,(direct) / (none),109821,18642,0:01:20,18077,0.1156,0.0891,449
2016,/dmv.dc.gov/node/155482,google / organic,106883,68355,0:00:27,2429,0.3333,0.1399,450
2016,/does.dc.gov/service/2016-mayor-marion-s-barry-summer-youth-employment-program,(direct) / (none),105301,87676,0:03:15,82817,0.2233,0.5698,451
2016,/dmv.dc.gov/node/1119626,(direct) / (none),101686,92590,0:04:22,9943,0.6276,0.4487,452
2016,/opendata.dc.gov/,google / organic,101234,29376,0:00:06,15196,0.0072,0.1004,453
2016,/dmv.dc.gov/node/823652,google / organic,98522,11185,0:01:26,1582,0.3211,0.4086,454
2016,/dmv.dc.gov/node/1115502,google / organic,97675,82761,0:03:23,9265,0.7169,0.1794,455
2016,/dmv.dc.gov/node/301372,google / organic,97053,8078,0:01:08,565,0.4991,0.6643,456
2016,/dc.gov/online-services,(direct) / (none),94455,74739,0:00:56,9943,0.467,0.1807,457
2016,/dmv.dc.gov/service/pay-tickets,bing / organic,93890,62198,0:02:44,22653,0.0608,0.6374,458
2016,/crimemap.dc.gov/,google / organic,93325,69824,0:00:24,57848,0.1498,0.487,459
2016,/dchr.dc.gov/page/careers,(direct) / (none),92929,71123,0:00:26,35646,0.1526,0.6202,460
2016,/dmv.dc.gov/services,(direct) / (none),91235,71349,0:00:47,8643,0.3595,0.7151,461
2016,/rui.dc.gov/rui/footer.php,google / organic,91009,39488,0:03:29,1469,0.2401,0.3305,462
2016,/doh.dc.gov/,google / organic,90839,70954,0:00:53,51295,0.2903,0.0425,463
2016,/dchr.dc.gov/node/369282,google / organic,89540,80049,0:00:39,6271,0.6428,0.1674,464
2016,/dmv.dc.gov/service/contest-parking-and-photo-enforcement-tickets,google / organic,88806,52312,0:01:23,16383,0.315,0.1449,465
2016,/mpdc.dc.gov/marijuana,google / organic,87958,83156,0:09:11,82761,0.7361,0.32,466
2016,/dcatlas.dcgis.dc.gov/mar/location_detail.aspx,google / organic,87167,38132,0:02:29,282,0.8014,0.3599,467
2016,/dbh.dc.gov/,google / organic,86941,56153,0:04:34,50278,0.4781,0.1094,468
2016,/dmv.dc.gov/node/1118866,google / organic,85698,64514,0:05:40,2655,0.36,0.5854,469
2016,/dmv.dc.gov/service/vehicle-inspections,google / organic,84625,65587,0:02:26,40053,0.2608,0.2545,470
2016,/dmv.dc.gov/service/pay-tickets,search.usa.gov / referral,83043,59938,0:02:40,26947,0.1278,0.273,471
2016,/dcra.dc.gov/page/dcra-online-services,google / organic,82761,61463,0:01:52,27342,0.2629,0.016,472
2016,/dcps.dc.gov/node/1147171,google / organic,82139,74400,0:02:05,4802,0.6396,0.139,473
2016,/dmv.dc.gov/service/contest-parking-and-photo-enforcement-tickets,(direct) / (none),80953,43273,0:01:37,5084,0.4566,0.4465,474
2016,/dcps.dc.gov/service/search-and-apply-dcps-jobs,google / organic,80275,56097,0:00:35,16326,0.2249,0.2575,475
2016,/dmv.dc.gov/node/1118467,google / organic,80106,71349,0:10:33,21523,0.4904,0.1246,476
2016,/dmv.dc.gov/service/ticket-services,google / organic,78467,59656,0:00:29,8022,0.1205,0.259,477
2016,/dchr.dc.gov/,(direct) / (none),78016,64627,0:00:48,56436,0.193,0.0082,478
2016,/dmv.dc.gov/node/1119101,google / organic,77733,55080,0:01:11,1977,0.5947,0.0799,479
2016,/dcatlas.dcgis.dc.gov/mar/,google / organic,77620,41465,0:00:23,16383,0.1544,0.396,480
2016,/dchr.dc.gov/public-employee-salary-information,google / organic,75304,54967,0:05:03,42256,0.184,0.2629,481
2016,/dmv.dc.gov/node/1119626,google / organic,74626,66039,0:04:06,4519,0.6667,0.5853,482
2016,/dcps.dc.gov/page/dcps-human-resources,google / organic,73609,56097,0:01:01,24179,0.2827,0.0686,483
2016,/dmv.dc.gov/node/1117687,google / organic,73044,51069,0:02:08,1921,0.1111,0.382,484
2016,/mayor.dc.gov/,google / organic,72762,57000,0:01:11,25478,0.2683,0.2046,485
2016,/cssd.dc.gov/,google / organic,71801,56718,0:02:12,51238,0.1235,0.1282,486
2016,/idmsprdweb.dc.gov/manage/index.jsf,octo.dc.gov / referral,71406,32709,0:00:38,29376,0.1212,0.1022,487
2016,/dmv.dc.gov/service/knowledge-test,google / organic,71067,57509,0:00:49,34517,0.2904,0.7937,488
2016,/dcra.dc.gov/service/corporate-registration,google / organic,70841,49318,0:01:02,21919,0.2274,0.2566,489
2016,/osse.dc.gov/,google / organic,70672,53950,0:01:27,41409,0.382,0.1632,490
2016,/ddot.dc.gov/,google / organic,69711,53950,0:01:17,39431,0.3768,0.188,491
2016,/ddot.dc.gov/page/parking-meters,google / organic,69655,62424,0:03:00,56436,0.696,0.0849,492
2016,/dcra.dc.gov/page/business-licensing-corporate-registration,google / organic,69429,51351,0:01:13,29376,0.1865,0.0823,493
2016,/otr.cfo.dc.gov/service/recorder-deeds-document-images,google / organic,68581,31014,0:03:12,15705,0.09,0.1749,494
2016,/dchr.dc.gov/node/1142587,(direct) / (none),67621,52312,0:03:33,1751,0.5808,0.3915,495
2016,/oag.dc.gov/,google / organic,67564,48809,0:02:31,41409,0.3796,0.3317,496
2016,/doh.dc.gov/service/board-nursing,google / organic,66548,52199,0:01:50,49487,0.2077,0.4793,497
2016,/dpr.dc.gov/,(direct) / (none),66152,48527,0:02:22,45759,0.4414,0.0467,498
2016,/dhs.dc.gov/,google / organic,65135,48922,0:00:56,37906,0.3433,0.4262,499
2015,/dc.gov/404.html?page=/DCPS/&from=,google / organic,101621,66780,0:11:27,65618,0.6605,0.6463,557
2015,/dpr.dc.gov/,(direct) / (none),101252,67360,0:04:31,62609,0.5059,0.2404,558
2015,/dc.gov/404.html?page=/DCPS/&from=,(direct) / (none),98823,62556,0:08:40,62345,0.6574,0.6806,559
2015,/dmv.dc.gov/service/renew-learner-permit,google / organic,98771,82089,0:02:09,78130,0.7495,0.4485,560
2015,/ddot.dc.gov/,google / organic,98084,74909,0:01:00,54585,0.3501,0.4109,561
2015,/dmv.dc.gov/node/484052,google / organic,98031,12934,0:01:05,1425,0.4077,0.4827,562
2015,/dchr.dc.gov/page/employment-opportunities-new,(direct) / (none),97768,76915,0:00:37,13514,0.3399,0.1595,563
2015,/dmv.dc.gov/service/convert-out-state-license,google / organic,97609,48250,0:00:46,22647,0.2914,0.2156,564
2015,/osse.dc.gov/,google / organic,97345,76018,0:01:19,55641,0.3232,0.1106,565
2015,/dhcd.dc.gov/,google / organic,96817,58914,0:03:40,48514,0.3652,0.1021,566
2015,/eforms.dctc.dc.gov/LicenseDashboard.aspx,(direct) / (none),96501,23967,0:01:38,422,0.1256,0.4578,567
2015,/dmv.dc.gov/service/pay-tickets,google / organic,93967,71795,0:03:18,35950,0.1067,0.03,568
2015,/dmv.dc.gov/service/knowledge-tests,google / organic,93333,69736,0:00:58,36425,0.3652,0.5199,569
2015,/mayor.dc.gov/,google / organic,93016,66357,0:01:19,32360,0.2732,0.6755,570
2015,/eforms.dctc.dc.gov/DriverDashboard.aspx,(direct) / (none),92330,9766,0:00:38,0,0,0.3111,571
2015,/dchr.dc.gov/node/369282,(direct) / (none),91538,79291,0:00:33,7707,0.6217,0.1407,572
2015,/disb.dc.gov/,google / organic,91274,66146,0:03:55,59072,0.4946,0.4263,573
2015,/profiles.dcps.dc.gov/,google / organic,91222,52737,0:02:57,19110,0.3316,0.457,574
2015,/otr.cfo.dc.gov/page/2014-individual-income-tax-forms,google / organic,90641,61817,0:00:39,32096,0.1631,0.5643,575
2015,/dmv.dc.gov/service/vehicle-inspection,google / organic,90482,70475,0:01:20,41176,0.3856,0.087,576
2015,/dmv.dc.gov/node/137472,(direct) / (none),90271,1214,0:00:38,422,0.1432,0.0379,577
2015,/dmv.dc.gov/service/pay-ticket,bing / organic,87157,60550,0:00:31,41018,0.094,0.3879,578
2015,/dctaxi.dc.gov/,google / organic,87051,61659,0:01:25,53688,0.3823,0.4834,579
2015,/cfo.dc.gov/,google / organic,86946,63665,0:02:47,44766,0.2653,0.5775,580
2015,/dchr.dc.gov/node/204752,bing / organic,86946,61078,0:04:26,1848,0.6569,0.1732,581
2015,/dcps.dc.gov/page/dcps-calendars,google / organic,85362,59442,0:00:16,42391,0.056,0.5006,582
2015,/otr.cfo.dc.gov/service/recorder-deeds-document-images,google / organic,84992,42602,0:03:31,17949,0.0847,0.4056,583
2015,/dc.gov/online-services,google / organic,84623,69736,0:00:59,4487,0.4304,0.5576,584
2015,/otr.cfo.dc.gov/page/tax-forms-and-publications,google / organic,83197,60603,0:00:42,27504,0.1615,0.4128,585
2015,/dmv.dc.gov/service/dmv-online-services,google / organic,82670,62715,0:00:55,6335,0.2149,0.3181,586
2015,/does.dc.gov/service/summer-youth-employment-program-participant-information,google / organic,82670,72851,0:07:01,64562,0.2298,0.4331,587
2015,/does.dc.gov/service/summer-youth-employment-program,(direct) / (none),81878,67730,0:00:57,62292,0.2456,0.7046,588
2015,/mpdc.dc.gov/page/join-metropolitan-police-department,google / organic,81191,61078,0:00:45,34261,0.1516,0.3374,589
2015,/dcra.dc.gov/page/business-licensing-corporate-registration,google / organic,80611,59600,0:01:11,34525,0.2086,0.0155,590
2015,/dmv.dc.gov/page/payment-plans,google / organic,79608,64246,0:00:31,3801,0.3333,0.1234,591
2015,/dmv.dc.gov/service/licenses-and-identification-cards,google / organic,76968,51418,0:00:36,3643,0.5588,0.1323,592
2015,/opendata.dc.gov/,google / organic,76968,31938,0:01:01,15943,0.2974,0.1234,593
2015,/mpdc.dc.gov/,(direct) / (none),76863,57119,0:01:31,50467,0.3944,0.1276,594
2015,/dhs.dc.gov/,google / organic,76387,55958,0:01:23,42866,0.3636,0.0495,595
2015,/does.dc.gov/service/unemployment-compensation-process,google / organic,76335,61870,0:03:04,50837,0.2859,0.6734,596
2015,/dmv.dc.gov/page/dmv-waiting-area-rhode-island-0,google / organic,75754,9713,0:01:13,2006,0.2368,0.0104,597
2015,/dmv.dc.gov/page/georgetown-service-center,google / organic,75437,62873,0:01:55,21538,0.5621,0.435,598
2015,/fems.dc.gov/,google / organic,75121,53265,0:01:08,41176,0.283,0.1023,599
2014,/does.dc.gov/service/unemployment-compensation-process,google / organic,94798,80497,0:01:39,69305,0.4372,0.1507,659
2014,/ddot.dc.gov/,google / organic,94176,70644,0:01:16,59165,0.4503,0.2776,660
2014,/disb.dc.gov/,google / organic,93841,68348,0:04:26,63900,0.5225,0.0315,661
2014,/dcra.dc.gov/page/dcra-online-services,google / organic,93554,72461,0:00:44,16501,0.2667,0.0342,662
2014,/dmv.dc.gov/service/learner-permit,google / organic,92932,68970,0:00:59,28171,0.4075,0.3809,663
2014,/dmv.dc.gov/services,(direct) / (none),89058,77101,0:00:29,4065,0.353,0.1592,664
2014,/dmv.dc.gov/service/pay-ticket,bing / organic,87145,61700,0:00:32,41755,0.1409,0.6944,665
2014,/doh.dc.gov/service/health-professionals,google / organic,86715,66004,0:01:44,38120,0.3152,0.1642,666
2014,/dmv.dc.gov/node/484052,google / organic,86188,12962,0:01:06,574,0.1672,0.6803,667
2014,/dchr.dc.gov/external-link/erecruit,google / organic,83988,63374,0:04:02,1818,0.6109,0.2097,668
2014,/dc.gov/404.html?page=/DCPS/&from=,(direct) / (none),82984,56439,0:09:11,56343,0.73,0.5056,669
2014,/dchr.dc.gov/node/232722,google / organic,82553,45007,0:02:12,5022,0.4956,0.4123,670
2014,/dmv.dc.gov/service/convert-out-state-license,google / organic,81262,43572,0:00:51,16358,0.3362,0.4854,671
2014,/mpdc.dc.gov/,(direct) / (none),80784,66483,0:01:31,61365,0.4466,0.0915,672
2014,/does.dc.gov/,(direct) / (none),79014,68300,0:01:09,62609,0.487,0.2033,673
2014,/does.dc.gov/service/start-your-unemployment-compensation-process,google / organic,78823,60648,0:03:10,24393,0.5678,0.2348,674
2014,/dmv.dc.gov/node/152962,google / organic,78584,40129,0:00:46,3348,0.5287,0.4255,675
2014,/dmv.dc.gov/page/webcam-dmv-waiting-area-southwest,google / organic,78201,12388,0:00:57,1674,0.4283,0.4774,676
2014,/osse.dc.gov/,google / organic,78057,60361,0:01:41,49264,0.4136,0.256,677
2014,/dmv.dc.gov/page/georgetown-service-center,google / organic,77866,65239,0:02:11,15688,0.7043,0.3533,678
2014,/doh.dc.gov/service/birth-certificates,google / organic,77196,60169,0:03:17,50986,0.5627,0.0678,679
2014,/dmv.dc.gov/service/contest-parking-ticket,(direct) / (none),77053,59595,0:01:54,6361,0.4888,0.1411,680
2014,/cfsa.in.dc.gov/,(direct) / (none),75475,39268,0:07:18,39172,0.6056,0.0133,681
2014,/dmv.dc.gov/node/423392,google / organic,74757,62609,0:01:41,7653,0.6562,0.0789,682
2014,/dmv.dc.gov/service/road-skills-test-requirements,google / organic,74709,63948,0:01:43,43859,0.7601,0.0606,683
2014,/doc.dc.gov/,google / organic,73227,55912,0:01:36,45199,0.4413,1,684
2014,/dmv.dc.gov/node/231682,google / organic,72031,56008,0:05:36,1291,0.4818,0.3222,685
2014,/dmv.dc.gov/node/231702,google / organic,71457,54573,0:01:47,239,0.2008,0.0061,686
2014,/does.dc.gov/node/154152,(direct) / (none),71074,59787,0:05:00,10762,0.7511,0.1287,687
2014,/dpw.dc.gov/,google / organic,71027,55769,0:01:06,40798,0.34,0.2445,688
2014,/dmv.dc.gov/node/137472,google / organic,70979,3635,0:00:37,191,0.5026,0.2623,689
2014,/dmv.dc.gov/node/80962,google / organic,70166,59739,0:01:18,1818,0.5383,0.4328,690
2014,/mpdc.dc.gov/page/join-metropolitan-police-department,google / organic,69783,53951,0:00:32,33481,0.1645,0.0963,691
2014,/otr.cfo.dc.gov/page/2013-individual-income-tax-forms,google / organic,69783,51082,0:00:39,28076,0.1397,0.6519,692
2014,/dc.gov/directory,google / organic,69735,51608,0:00:32,12483,0.2056,0.0316,693
2014,/dmv.dc.gov/node/156122,google / organic,69639,56582,0:00:24,1626,0.0879,0.0234,694
2014,/dmv.dc.gov/node/231692,bing / organic,69113,54717,0:02:32,143,0.6713,0.424,695
2014,/dmv.dc.gov/page/webcam-dmv-waiting-area-c-street-adjudication,google / organic,68874,4448,0:00:34,96,0.5,0.1901,696
2014,/dmv.dc.gov/node/137862,google / organic,68826,59834,0:02:08,6792,0.8322,0.4712,697
2014,/dchr.dc.gov/page/careers,bing / organic,67822,54669,0:00:25,41755,0.1,0.6664,698
2014,/dmv.dc.gov/node/136412,google / organic,67583,45007,0:00:51,2822,0.4238,0.4172,699
2013,/dpr.dc.gov/DC/DPR,(direct) / (none),109639,73583,0:13:00,70741,0.5755,0.284,746
2013,/doh.dc.gov/,google / organic,104642,83332,0:01:11,68292,0.4118,0.2191,747
2013,/dmv.dc.gov/service/contest-parking-ticket,google / organic,103712,79854,0:02:21,39290,0.3192,0.8461,748
2013,/mpdc.dc.gov/,(direct) / (none),102585,83871,0:01:33,76669,0.4537,0.2418,749
2013,/rrc.dc.gov/rrc/site/default.asp,dc.gov / referral,101409,76277,0:01:02,76228,0.5778,0.4743,750
2013,"/otr.cfo.dc.gov/otr/cwp/view,a,1330,q,594345.asp",google / organic,98764,75004,0:03:01,52811,0.6577,0.4365,751
2013,/does.dc.gov/page/file-claim,google / organic,98176,69370,0:00:30,17685,0.2438,0.3906,752
2013,/does.dc.gov/service/start-your-unemployment-compensation-process,google / organic,98176,78090,0:02:56,23613,0.6224,0.5153,753
2013,/dcra.dc.gov/DC/DCRA,(direct) / (none),97196,69811,0:02:52,65157,0.4586,0.4744,754
2013,/otr.cfo.dc.gov/,(direct) / (none),95873,74024,0:01:46,65548,0.3401,0.4086,755
2013,/dpr.dc.gov/,google / organic,94844,61972,0:04:22,58984,0.4236,0.5828,756
2013,/dmv.dc.gov/node/315322,google / organic,92346,67165,0:05:28,2205,0.6,0.7372,757
2013,/dmv.dc.gov/node/229332,(direct) / (none),87104,71819,0:01:48,3674,0.6002,0.7767,758
2013,/otr.cfo.dc.gov/otr/site/default.asp,(direct) / (none),85585,63099,0:00:57,60503,0.298,0.6146,759
2013,/dmv.dc.gov/page/webcam-dmv-waiting-area-southwest,google / organic,85389,8671,0:00:40,539,0.4545,0.343,760
2013,/dmv.dc.gov/node/153892,google / organic,83038,12492,0:00:43,686,0.2857,0.3754,761
2013,/osse.dc.gov/,google / organic,81421,62658,0:01:21,50852,0.4085,0.3217,762
2013,/dmv.dc.gov/node/136412,google / organic,80637,56387,0:00:59,4017,0.4025,0.0908,763
2013,/does.dc.gov/node/154152,google / organic,80637,72358,0:03:32,5585,0.7456,0.2686,764
2013,"/otr.cfo.dc.gov/otr/cwp/view,a,1330,q,593820.asp",google / organic,80539,54134,0:00:53,14305,0.2603,0.2592,765
2013,/does.dc.gov/node/154152,(direct) / (none),80147,67802,0:03:55,12835,0.6756,0.5379,766
2013,/dmv.dc.gov/service/vehicle-inspection-landing-page,google / organic,79658,62070,0:01:19,34636,0.2758,0.2089,767
2013,/ddot.dc.gov/DC/DDOT/,google / organic,79364,61482,0:02:40,58592,0.5184,0.1622,768
2013,/dmv.dc.gov/node/137862,google / organic,79364,64667,0:01:51,5389,0.7363,0.026,769
2013,/oag.dc.gov/DC/OAG,(direct) / (none),79021,43209,0:13:23,42082,0.5972,0.2391,770
2013,/dmv.dc.gov/node/152962,google / organic,78678,47520,0:01:10,3184,0.2616,0.3267,771
2013,/dmv.dc.gov/,yahoo / organic,77845,58151,0:00:41,52517,0.1782,0.4526,772
2013,/dmv.dc.gov/service/contest-parking-ticket,(direct) / (none),77404,62364,0:02:46,8426,0.4942,0.009,773
2013,/doc.dc.gov/,google / organic,76326,59033,0:01:30,54575,0.4443,0.2276,774
2013,/doh.dc.gov/service/health-professionals,google / organic,75934,61433,0:01:35,42817,0.5137,0.25,775
2013,/dmv.dc.gov/service/knowledge-tests,google / organic,75591,58886,0:01:16,30374,0.379,0.2079,776
2013,/does.dc.gov/node/107072,google / organic,74465,60503,0:01:22,7691,0.5542,0.1128,777
2013,/inauguration.dc.gov/page/inauguration-events,(direct) / (none),73730,71476,0:00:16,931,0.6842,0.7088,778
2013,/cfo.dc.gov/page/employment-opportunities-ocfo,dchr.dc.gov / referral,73583,33607,0:00:28,32333,0.0591,0.6225,779
2013,/dmv.dc.gov/node/137472,google / organic,73485,4115,0:00:38,245,0,0.3171,780
2013,/inauguration.dc.gov/page/maps,(direct) / (none),73240,71231,0:00:27,2156,0.6818,0.5352,781
2013,/inauguration.dc.gov/page/spectator-information,(direct) / (none),72701,70447,0:00:17,2401,0.7755,0.3162,782
2013,/octo.in.dc.gov/node/164766,67.228.167.23 / referral,72309,72309,0:00:00,72309,1,0.273,783
2013,/dmv.dc.gov/node/231682,(direct) / (none),71917,52762,0:05:25,1421,0.4483,0.4063,784
2013,/dmv.dc.gov/node/484052,dc.gov / referral,71819,735,0:01:02,490,0.1,0.572,785
2013,/mpdc.dc.gov/page/join-metropolitan-police-department,google / organic,71182,57416,0:00:33,36302,0.1404,0.5202,786
2013,/dmv.dc.gov/node/152542,google / organic,70937,58298,0:02:13,3233,0.6214,0.5434,787
2013,/dmv.dc.gov/node/137512,google / organic,69664,57661,0:01:23,3674,0.7466,0.0711,788
2013,/dpr.dc.gov/DC/DPR,google / organic,69615,49823,0:07:53,45806,0.4706,0.173,789
2013,/dmv.dc.gov/page/online-services,bing / organic,69223,48941,0:00:59,11219,0.0917,0.3389,790
2013,/otr.cfo.dc.gov/page/real-property-tax-database-search,google / organic,68537,59229,0:03:26,31109,0.6992,0.4216,791
2013,/inauguration.dc.gov/page/getting-there,(direct) / (none),68145,66528,0:00:14,1274,0.5,0.5386,792
2013,/inauguration.dc.gov/page/know-you-go,(direct) / (none),66920,65304,0:00:12,686,0.6429,0.3807,793
2013,/dchr.dc.gov/node/232722,dc.gov / referral,66675,37232,0:02:49,2449,0.6803,0.0408,794
2013,/dmv.dc.gov/page/payment-plans,google / organic,66479,59033,0:01:06,2352,0.4792,0.1873,795
2013,/cfo.dc.gov/,(direct) / (none),65402,45120,0:04:20,42229,0.5267,0.7355,796
2013,/cssd.dc.gov/,google / organic,65353,55212,0:01:47,51537,0.692,0.471,797
2013,/disb.dc.gov/,google / organic,64814,46442,0:03:14,43209,0.4478,0.1094,798
2013,/inauguration.dc.gov/release/secret-service-announces-security-information-2013-presidential-inaugural,(direct) / (none),64716,64177,0:00:12,1225,0.72,0.5144,799
2012,/dmv.dc.gov/node/301372,google / organic,52434,2041,0:00:36,78,0.5,0.7227,872
2012,/www.does.dc.gov/does/site/default.asp,(direct) / (none),50707,40856,0:01:30,39247,0.216,0.3219,873
2012,/otr.cfo.dc.gov/otr/site/default.asp,bing / organic,50079,34694,0:00:48,28846,0.264,0.356,874
2012,/dcra.dc.gov/DC/DCRA/For+Business/Apply+for+a+Business+License,google / organic,49451,29082,0:01:40,5377,0.3723,0.594,875
2012,/dchr.dc.gov/page/careers,(direct) / (none),49412,38266,0:00:35,31751,0.0853,0.3389,876
2012,"/dchr.dc.gov/dcop/cwp/view,a,1222,q,530365,dcopNav,|31656|.asp",bing / organic,48784,36068,0:06:45,32967,0.8084,0.0662,877
2012,/vrc.dc.gov/vrc/site/default.asp,dc.gov / referral,48548,36029,0:01:27,36029,0.6612,0.342,878
2012,"/otr.cfo.dc.gov/otr/cwp/view,a,1330,q,594275.asp",google / organic,48274,29592,0:01:55,9419,0.4791,0.2954,879
2012,/dchr.dc.gov/node/204752,(direct) / (none),47881,35244,0:03:26,1766,0.8222,0.3771,880
2012,/does.dc.gov/node/107072,google / organic,47292,36029,0:01:19,12912,0.4377,0.4407,881
2012,/dcra.dc.gov/DC/DCRA/For+Business/Apply+for+a+Business+License,brc.dc.gov / referral,47018,26374,0:01:36,20722,0.3087,0.1996,882
2012,/dhcd.dc.gov/,google / organic,46272,35597,0:01:36,33124,0.4277,0.1537,883
2012,/mpdc.dc.gov/mpdc/site/default.asp,(direct) / (none),45762,37049,0:02:00,36264,0.6093,0.0607,884
2012,/dchr.dc.gov/node/204752,dc.gov / referral,45644,34694,0:03:17,1060,0.5557,0.4522,885
2012,/dchr.dc.gov/node/204752,google / organic,45644,33948,0:03:00,2080,0.8678,0.3699,886
2012,/does.dc.gov/page/file-claim,google / organic,45291,30769,0:00:22,3650,0.0967,0.5035,887
2012,"/otr.cfo.dc.gov/otr/cwp/view,a,1328,q,593393.asp",google / organic,45134,34655,0:00:30,24647,0.1895,0.1145,888
2012,/oag.dc.gov/DC/OAG/Services+for+the+Community/Employment+Opportunities,dchr.dc.gov / referral,44467,26413,0:00:33,25824,0.1064,0.7927,889
2012,/doc.dc.gov/doc/site/default.asp,google / organic,44310,32810,0:01:14,29553,0.4462,0.4128,890
2012,/dpw.dc.gov/DC/DPW/,(direct) / (none),42190,34694,0:02:03,32418,0.5763,0.5516,891
2012,/doh.dc.gov/,google / organic,41955,35244,0:00:56,29788,0.3794,0.5361,892
2012,/cson.oag.dc.gov/LogReg.aspx,cssd.dc.gov / referral,41366,14914,0:00:31,14286,0.0137,0.1709,893
2012,"/otr.cfo.dc.gov/otr/cwp/view,a,1330,q,594065,otrnav_gid,1679,otrnav,|33280|.asp",google / organic,41288,31240,0:00:43,27276,0.1684,0.1953,894
2012,/311.dc.gov/,dc.gov / referral,41248,30534,0:03:02,30338,0.7439,0.1014,895
2012,/joinmpd.dc.gov/,(direct) / (none),41248,28768,0:01:02,28454,0.4303,0.2055,896
2012,"/otr.cfo.dc.gov/otr/cwp/view,a,1328,q,593561,otrNav_gid,1679,otrNav,|33288|.asp",cfo.dc.gov / referral,41248,6672,0:00:12,0,0,0.1884,897
2012,/dc.gov/DC/,dchr.dc.gov / referral,40974,21978,0:09:46,21782,0.5946,0.4492,898
2012,"/www.does.dc.gov/does/cwp/view,a,1232,q,643247.asp",google / organic,40817,36186,0:04:42,6633,0.7751,0.2262,899
,,,,,,,,,
,,,,,,,,,
,,,,,,,,,
,,,,,,,,,
,,,,,,,,,
,,,,,,,,,
,,,,,,,,,
,,,,,,,,,
,,,,,,,,,
,,,,,,,,,
,,,,,,,,,
,,,,,,,,,
,,,,,,,,,
,,,,,,,,,
,,,,,,,,,
,,,,,,,,,
,,,,,,,,,
,,,,,,,,,
,,,,,,,,,
,,,,,,,,,
,,,,,,,,,
,,,,,,,,,
,,,,,,,,,
,,,,,,,,,
,,,,,,,,,
,,,,,,,,,
,,,,,,,,,
,,,,,,,,,
,,,,,,,,,
,,,,,,,,,
,,,,,,,,,
,,,,,,,,,
,,,,,,,,,
,,,,,,,,,
,,,,,,,,,
,,,,,,,,,
,,,,,,,,,
,,,,,,,,,
,,,,,,,,,
,,,,,,,,,
,,,,,,,,,
,,,,,,,,,
,,,,,,,,,
,,,,,,,,,
,,,,,,,,,
,,,,,,,,,
,,,,,,,,,
,,,,,,,,,
,,,,,,,,,
,,,,,,,,,
,,,,,,,,,
,,,,,,,,,
,,,,,,,,,
,,,,,,,,,
,,,,,,,,,
,,,,,,,,,
,,,,,,,,,
,,,,,,,,,
,,,,,,,,,
,,,,,,,,,
,,,,,,,,,
,,,,,,,,,
,,,,,,,,,
,,,,,,,,,
,,,,,,,,,
,,,,,,,,,
,,,,,,,,,
,,,,,,,,,
,,,,,,,,,
,,,,,,,,,
,,,,,,,,,
,,,,,,,,,
,,,,,,,,,
,,,,,,,,,
,,,,,,,,,
,,,,,,,,,
,,,,,,,,,
,,,,,,,,,
,,,,,,,,,
,,,,,,,,,
,,,,,,,,,
,,,,,,,,,
,,,,,,,,,
,,,,,,,,,
,,,,,,,,,
,,,,,,,,,
,,,,,,,,,
,,,,,,,,,
,,,,,,,,,
,,,,,,,,,
,,,,,,,,,
,,,,,,,,,
,,,,,,,,,
,,,,,,,,,
,,,,,,,,,
,,,,,,,,,
,,,,,,,,,
,,,,,,,,,
,,,,,,,,,
,,,,,,,,,
,,,,,,,,,
,,,,,,,,,
,,,,,,,,,
,,,,,,,,,
,,,,,,,,,
,,,,,,,,,
,,,,,,,,,
,,,,,,,,,
,,,,,,,,,
,,,,,,,,,
,,,,,,,,,
,,,,,,,,,
,,,,,,,,,
,,,,,,,,,
,,,,,,,,,
,,,,,,,,,
,,,,,,,,,
,,,,,,,,,
,,,,,,,,,
,,,,,,,,,
,,,,,,,,,
,,,,,,,,,
,,,,,,,,,
,,,,,,,,,
,,,,,,,,,
,,,,,,,,,
,,,,,,,,,
,,,,,,,,,
,,,,,,,,,
,,,,,,,,,
,,,,,,,,,
,,,,,,,,,
,,,,,,,,,
,,,,,,,,,
,,,,,,,,,
,,,,,,,,,
,,,,,,,,,
,,,,,,,,,
,,,,,,,,,
,,,,,,,,,
,,,,,,,,,
,,,,,,,,,
,,,,,,,,,
,,,,,,,,,
,,,,,,,,,
,,,,,,,,,
,,,,,,,,,
,,,,,,,,,
,,,,,,,,,
,,,,,,,,,
,,,,,,,,,
,,,,,,,,,
,,,,,,,,,
,,,,,,,,,
,,,,,,,,,
,,,,,,,,,
,,,,,,,,,
,,,,,,,,,
,,,,,,,,,
,,,,,,,,,
,,,,,,,,,
,,,,,,,,,
,,,,,,,,,
,,,,,,,,,
,,,,,,,,,
,,,,,,,,,
,,,,,,,,,
,,,,,,,,,
,,,,,,,,,
,,,,,,,,,
,,,,,,,,,
,,,,,,,,,
,,,,,,,,,
,,,,,,,,,
,,,,,,,,,
,,,,,,,,,
,,,,,,,,,
,,,,,,,,,
,,,,,,,,,
,,,,,,,,,
,,,,,,,,,
,,,,,,,,,
,,,,,,,,,
,,,,,,,,,
,,,,,,,,,
,,,,,,,,,
,,,,,,,,,
,,,,,,,,,
,,,,,,,,,
,,,,,,,,,
,,,,,,,,,
,,,,,,,,,
,,,,,,,,,
,,,,,,,,,
,,,,,,,,,
,,,,,,,,,
,,,,,,,,,
,,,,,,,,,
,,,,,,,,,
,,,,,,,,,
,,,,,,,,,
,,,,,,,,,
,,,,,,,,,
,,,,,,,,,
,,,,,,,,,
,,,,,,,,,
,,,,,,,,,
,,,,,,,,,
,,,,,,,,,
,,,,,,,,,
,,,,,,,,,
,,,,,,,,,
,,,,,,,,,
,,,,,,,,,
,,,,,,,,,
,,,,,,,,,
,,,,,,,,,
,,,,,,,,,
,,,,,,,,,
,,,,,,,,,
,,,,,,,,,
,,,,,,,,,
,,,,,,,,,
,,,,,,,,,
,,,,,,,,,
,,,,,,,,,
,,,,,,,,,
,,,,,,,,,
,,,,,,,,,
,,,,,,,,,
,,,,,,,,,
,,,,,,,,,
,,,,,,,,,
,,,,,,,,,
,,,,,,,,,
,,,,,,,,,
,,,,,,,,,
,,,,,,,,,
,,,,,,,,,
,,,,,,,,,
,,,,,,,,,
,,,,,,,,,
,,,,,,,,,
,,,,,,,,,
,,,,,,,,,
,,,,,,,,,
,,,,,,,,,
,,,,,,,,,
,,,,,,,,,
,,,,,,,,,
,,,,,,,,,
,,,,,,,,,
,,,,,,,,,
,,,,,,,,,
,,,,,,,,,
,,,,,,,,,
,,,,,,,,,
,,,,,,,,,
,,,,,,,,,
,,,,,,,,,
,,,,,,,,,
,,,,,,,,,
,,,,,,,,,
,,,,,,,,,
,,,,,,,,,
,,,,,,,,,
,,,,,,,,,
,,,,,,,,,
,,,,,,,,,
,,,,,,,,,
,,,,,,,,,
,,,,,,,,,
,,,,,,,,,
,,,,,,,,,
,,,,,,,,,
,,,,,,,,,
,,,,,,,,,
,,,,,,,,,
,,,,,,,,,
,,,,,,,,,
,,,,,,,,,
,,,,,,,,,
,,,,,,,,,
,,,,,,,,,
,,,,,,,,,
,,,,,,,,,
,,,,,,,,,
,,,,,,,,,
,,,,,,,,,
,,,,,,,,,
,,,,,,,,,
,,,,,,,,,
,,,,,,,,,
,,,,,,,,,
,,,,,,,,,
,,,,,,,,,
,,,,,,,,,
,,,,,,,,,
,,,,,,,,,
,,,,,,,,,
,,,,,,,,,
,,,,,,,,,
,,,,,,,,,
,,,,,,,,,
,,,,,,,,,
,,,,,,,,,
,,,,,,,,,
,,,,,,,,,
,,,,,,,,,
,,,,,,,,,
,,,,,,,,,
,,,,,,,,,
,,,,,,,,,
,,,,,,,,,
,,,,,,,,,
,,,,,,,,,
,,,,,,,,,
,,,,,,,,,
,,,,,,,,,
,,,,,,,,,
,,,,,,,,,
,,,,,,,,,
,,,,,,,,,
,,,,,,,,,
,,,,,,,,,
,,,,,,,,,
,,,,,,,,,
,,,,,,,,,
,,,,,,,,,
,,,,,,,,,
,,,,,,,,,
,,,,,,,,,
,,,,,,,,,
,,,,,,,,,
,,,,,,,,,
,,,,,,,,,
,,,,,,,,,
,,,,,,,,,
,,,,,,,,,
,,,,,,,,,
,,,,,,,,,
,,,,,,,,,
,,,,,,,,,
,,,,,,,,,
,,,,,,,,,
,,,,,,,,,
,,,,,,,,,
,,,,,,,,,
,,,,,,,,,
,,,,,,,,,
,,,,,,,,,
,,,,,,,,,
,,,,,,,,,
,,,,,,,,,
,,,,,,,,,
,,,,,,,,,
,,,,,,,,,
,,,,,,,,,
,,,,,,,,,
,,,,,,,,,
,,,,,,,,,
,,,,,,,,,
,,,,,,,,,
,,,,,,,,,
,,,,,,,,,
,,,,,,,,,
,,,,,,,,,
,,,,,,,,,
,,,,,,,,,
,,,,,,,,,
,,,,,,,,,
,,,,,,,,,
,,,,,,,,,
,,,,,,,,,
,,,,,,,,,
,,,,,,,,,
,,,,,,,,,
,,,,,,,,,
,,,,,,,,,
,,,,,,,,,
,,,,,,,,,
,,,,,,,,,
,,,,,,,,,
,,,,,,,,,
,,,,,,,,,
,,,,,,,,,
,,,,,,,,,
,,,,,,,,,
,,,,,,,,,
,,,,,,,,,
,,,,,,,,,
,,,,,,,,,
,,,,,,,,,
,,,,,,,,,
,,,,,,,,,
,,,,,,,,,
,,,,,,,,,
,,,,,,,,,
,,,,,,,,,
,,,,,,,,,
,,,,,,,,,
,,,,,,,,,
,,,,,,,,,
,,,,,,,,,
,,,,,,,,,
,,,,,,,,,
,,,,,,,,,
,,,,,,,,,
,,,,,,,,,
,,,,,,,,,
,,,,,,,,,
,,,,,,,,,
,,,,,,,,,
,,,,,,,,,
,,,,,,,,,
,,,,,,,,,
,,,,,,,,,
,,,,,,,,,
,,,,,,,,,
,,,,,,,,,
,,,,,,,,,
,,,,,,,,,
,,,,,,,,,
,,,,,,,,,
,,,,,,,,,
,,,,,,,,,
,,,,,,,,,
,,,,,,,,,
,,,,,,,,,
,,,,,,,,,
,,,,,,,,,
,,,,,,,,,
,,,,,,,,,
,,,,,,,,,
,,,,,,,,,
,,,,,,,,,
,,,,,,,,,
,,,,,,,,,
,,,,,,,,,
,,,,,,,,,
,,,,,,,,,
,,,,,,,,,
,,,,,,,,,
,,,,,,,,,
,,,,,,,,,
,,,,,,,,,
,,,,,,,,,
,,,,,,,,,
,,,,,,,,,
,,,,,,,,,
,,,,,,,,,
,,,,,,,,,
,,,,,,,,,
,,,,,,,,,
,,,,,,,,,
,,,,,,,,,
,,,,,,,,,
,,,,,,,,,
,,,,,,,,,
,,,,,,,,,
,,,,,,,,,
,,,,,,,,,
,,,,,,,,,
,,,,,,,,,
,,,,,,,,,
,,,,,,,,,
,,,,,,,,,
,,,,,,,,,
,,,,,,,,,
,,,,,,,,,
,,,,,,,,,
,,,,,,,,,
,,,,,,,,,
,,,,,,,,,
,,,,,,,,,
,,,,,,,,,
,,,,,,,,,
,,,,,,,,,
,,,,,,,,,
,,,,,,,,,
,,,,,,,,,
,,,,,,,,,
,,,,,,,,,
,,,,,,,,,
,,,,,,,,,
,,,,,,,,,
,,,,,,,,,
,,,,,,,,,
,,,,,,,,,
,,,,,,,,,
,,,,,,,,,
,,,,,,,,,
,,,,,,,,,
,,,,,,,,,
,,,,,,,,,
,,,,,,,,,
,,,,,,,,,
,,,,,,,,,
,,,,,,,,,
,,,,,,,,,
,,,,,,,,,
,,,,,,,,,
,,,,,,,,,
,,,,,,,,,
,,,,,,,,,
,,,,,,,,,
,,,,,,,,,
,,,,,,,,,
,,,,,,,,,
,,,,,,,,,
,,,,,,,,,
,,,,,,,,,
,,,,,,,,,
,,,,,,,,,
,,,,,,,,,
,,,,,,,,,
,,,,,,,,,
,,,,,,,,,
,,,,,,,,,
,,,,,,,,,
,,,,,,,,,
,,,,,,,,,
,,,,,,,,,
,,,,,,,,,
,,,,,,,,,
,,,,,,,,,
,,,,,,,,,
,,,,,,,,,
,,,,,,,,,
,,,,,,,,,
,,,,,,,,,
,,,,,,,,,
,,,,,,,,,
,,,,,,,,,
,,,,,,,,,
,,,,,,,,,
,,,,,,,,,
,,,,,,,,,
,,,,,,,,,
,,,,,,,,,
,,,,,,,,,
,,,,,,,,,
,,,,,,,,,
,,,,,,,,,
,,,,,,,,,
,,,,,,,,,
,,,,,,,,,
,,,,,,,,,
,,,,,,,,,
,,,,,,,,,
,,,,,,,,,
,,,,,,,,,
,,,,,,,,,
,,,,,,,,,
,,,,,,,,,
,,,,,,,,,
,,,,,,,,,
,,,,,,,,,
,,,,,,,,,
,,,,,,,,,
,,,,,,,,,
,,,,,,,,,
,,,,,,,,,
,,,,,,,,,
,,,,,,,,,
,,,,,,,,,
,,,,,,,,,
2011,/app.dpr.dc.gov/dprmap/details.asp?cid=3,google / organic,54571,44631,0:06:30,41810,0.8217,0.2222,964
2011,"/www.does.dc.gov/does/cwp/view,a,1232,q,643247.asp",(direct) / (none),54168,47015,0:26:47,8933,0.8722,0.621,965
2011,"/otr.cfo.dc.gov/otr/cwp/view,a,1328,q,591748.asp",(direct) / (none),53765,39157,0:03:07,2216,0.667,0.3161,966
2011,/dcra.dc.gov/DC/DCRA/For+Business/Corporate+Registration,brc.dc.gov / referral,53329,29720,0:01:24,21392,0.2512,0.1114,967
2011,/crimemap.dc.gov/presentation/query.asp,mpdc.dc.gov / referral,53026,22131,0:00:44,1511,0.3554,0.2989,968
2011,/dcop.dc.gov/dcop/cwp/view.asp?a=1222&q=530365&dcopnav=|31656|,(direct) / (none),52153,36269,0:07:51,27067,0.6762,0.7907,969
2011,/rrc.dc.gov/rrc/site/default.asp,google / organic,51750,38888,0:02:36,16825,0.6128,0.0624,970
2011,"/mpdc.dc.gov/mpdc/cwp/view,a,1241,Q,540704,mpdcNav_GID,1523,mpdcNav,|,.asp",google / organic,51582,43892,0:02:47,40299,0.7867,0.377,971
2011,/dpw.dc.gov/DC/DPW/,(direct) / (none),50911,38922,0:01:40,34623,0.3404,0.1333,972
2011,"/mpdc.dc.gov/mpdc/cwp/view,a,1239,Q,543308,mpdcNav_GID,1523,mpdcNav,|,.asp",google / organic,50743,37881,0:00:55,27974,0.3962,0.709,973
2011,/crimemap.dc.gov/presentation/report.asp,(direct) / (none),49299,33213,0:03:38,1276,0.3158,0.2953,974
2011,/doc.dc.gov/doc/site/default.asp,google / organic,48258,31735,0:01:28,26463,0.3604,0.1615,975
2011,"/cfo.dc.gov/cfo/cwp/view,a,3,q,590278,cfoNav,|33206|33208|33210|,.asp",(direct) / (none),48191,15918,0:06:48,3828,0.0525,0.2112,976
2011,/osse.dc.gov/seo/site/default.asp,google / organic,47821,34825,0:01:24,31903,0.3853,0.104,977
2011,"/otr.cfo.dc.gov/otr/cwp/view,a,1330,q,594275.asp",google / organic,47519,28545,0:02:08,7556,0.4934,0.4076,978
2011,/dctaxi.dc.gov/dctaxi/site/default.asp,google / organic,44799,28914,0:01:35,26832,0.4255,0.1512,979
2011,/cson.oag.dc.gov/CaseInfo.aspx,csed.dc.gov / referral,44732,20720,0:03:49,1142,0.0884,0.6221,980
2011,"/mpdc.dc.gov/mpdc/cwp/view,a,1239,q,543336,mpdcNav_GID,1523,mpdcNav,|.asp",google / organic,44429,27302,0:00:51,3392,0.2969,0.2514,981
2011,/dcra.dc.gov/DC/DCRA/For+Business/Apply+for+a+Business+License,google / organic,44362,25086,0:01:53,2250,0.3133,0.7093,982
2011,/crimemap.dc.gov/presentation/map.asp?map_action=refresh,mpdc.dc.gov / referral,44295,7287,0:00:20,0,0,0.1316,983
2011,"/does.dc.gov/does/cwp/view,a,1232,q,537869.asp",(direct) / (none),44261,32642,0:01:49,27940,0.464,0.2464,984
2011,"/hpla.doh.dc.gov/hpla/cwp/view,A,1195,Q,488519,hplaNav,|30661|,.asp",google / organic,42851,22198,0:02:25,5306,0.595,0.3375,985
2011,"/dchr.dc.gov/dcop/cwp/view,a,1222,q,530365,dcopNav,|31656|.asp",bing / organic,42616,25523,0:20:50,14440,0.6046,0.2223,986
2011,/crimemap.dc.gov/presentation/report.asp,google / organic,42515,14172,0:01:04,269,0.3755,0.2158,987
2011,"/does.dc.gov/does/cwp/view,a,1232,q,643247.asp",(direct) / (none),41306,36705,0:18:05,3795,0.7787,0.7419,988
2011,/fems.dc.gov/DC/FEMS/,google / organic,40030,25590,0:07:44,22399,0.4843,0.2047,989
2011,/rrc.dc.gov/rrc/site/default.asp,dc.gov / referral,39997,32776,0:01:17,32608,0.5469,0.6931,990
2011,/cfo.dc.gov/cfo/site/default.asp,(direct) / (none),39963,33280,0:04:02,28579,0.6157,0.0536,991
2011,"/otr.cfo.dc.gov/otr/cwp/view,a,1328,q,593393.asp",google / organic,39896,29989,0:00:27,18370,0.2011,0.6518,992
2011,/otr.cfo.dc.gov/otr/site/default.asp,bing / organic,39728,27101,0:03:00,20082,0.2107,0.0736,993
2011,/crimemap.dc.gov/presentation/query.asp,google / organic,39090,16254,0:00:29,2754,0.5977,0.8016,994
2011,/dcra.dc.gov/DC/DCRA/Permits,google / organic,39056,22735,0:01:28,3694,0.3728,0.4226,995
2011,/dcra.dc.gov/DC/DCRA/For+Business/Apply+for+a+Business+License,brc.dc.gov / referral,38687,22399,0:01:36,15078,0.2205,0.0804,996
2011,/ddot.dc.gov/DC/DDOT/,(direct) / (none),38653,30090,0:03:05,26866,0.5013,0.1131,997
2011,/crimemap.dc.gov/presentation/intro.asp,mpdc.dc.gov / referral,38452,27672,0:00:29,27067,0.1948,0.6743,998
2011,"/otr.cfo.dc.gov/otr/cwp/view,a,1330,q,593736.asp",google / organic,38183,32373,0:04:28,23508,0.6129,0.2216,999
,,,,,,,,,
,,,,,,,,,
,,,,,,,,,
,,,,,,,,,
,,,,,,,,,
,,,,,,,,,
,,,,,,,,,
,,,,,,,,,
,,,,,,,,,
,,,,,,,,,
,,,,,,,,,
,,,,,,,,,
,,,,,,,,,
,,,,,,,,,
,,,,,,,,,
,,,,,,,,,
,,,,,,,,,
,,,,,,,,,
,,,,,,,,,
,,,,,,,,,
,,,,,,,,,
,,,,,,,,,
,,,,,,,,,
,,,,,,,,,
,,,,,,,,,
,,,,,,,,,
,,,,,,,,,
,,,,,,,,,
,,,,,,,,,
,,,,,,,,,
,,,,,,,,,
,,,,,,,,,
,,,,,,,,,
,,,,,,,,,
,,,,,,,,,
,,,,,,,,,
,,,,,,,,,
,,,,,,,,,
,,,,,,,,,
,,,,,,,,,
,,,,,,,,,
,,,,,,,,,
,,,,,,,,,
,,,,,,,,,
,,,,,,,,,
,,,,,,,,,
,,,,,,,,,
,,,,,,,,,
,,,,,,,,,
,,,,,,,,,
,,,,,,,,,
2010,/dc.gov/DC/,bing / organic,56802,45326,0:05:38,45210,0.4188,0.5241,1051
2010,"/does.dc.gov/does/cwp/view,a,1232,q,640720.asp",dc.gov / referral,55449,46137,0:06:42,40534,0.7846,0.1452,1052
2010,"/cfo.dc.gov/cfo/cwp/view,a,3,q,590278,cfoNav,|33206|33208|33210|,.asp",dcop.dc.gov / referral,55372,18934,0:00:51,18663,0.0911,0.7265,1053
2010,/dcra.dc.gov/dcra/site/default.asp,(direct) / (none),52551,37327,0:00:54,36129,0.3561,0.0247,1054
2010,/dcra.dc.gov/DC/DCRA,(direct) / (none),52242,37945,0:03:04,32458,0.4559,0.1482,1055
2010,"/www.dchr.dc.gov/dcop/cwp/view,a,1222,q,530365,dcopNav,|31656|.asp",(direct) / (none),51585,38641,0:07:25,3246,0.845,0.0217,1056
2010,/otr.cfo.dc.gov/otr/cwp/view.asp?a=1330&Q=642246,google / organic,51392,28981,0:04:26,2512,0.5076,0.1023,1057
2010,"/otr.cfo.dc.gov/otr/cwp/view,a,1330,q,594065,otrNav_gid,1679,otrNav,|33280|.asp",google / organic,51315,35511,0:00:48,20982,0.1418,0.0523,1058
2010,"/does.dc.gov/does/cwp/view,a,1232,q,537855,doesNav,|32062|.asp",google / organic,51044,42427,0:01:36,41616,0.4708,0.7121,1059
2010,"/www.does.dc.gov/does/cwp/view,a,1232,q,643247.asp",google / organic,50774,43625,0:19:31,6801,0.8011,0.6403,1060
2010,"/dchr.dc.gov/dcop/cwp/view,a,1222,q,530365,dcopNav,%7C31656%7C.asp",google / organic,50194,35124,0:02:38,33038,0.7357,0.6384,1061
2010,/311.dc.gov/,dc.gov / referral,49576,40148,0:11:17,40148,0.8277,0.0346,1062
2010,/dpr.dc.gov/dpr/site/default.asp,google / organic,49035,35588,0:00:46,31879,0.217,0.4941,1063
2010,/dcop.dc.gov/dcop/cwp/view.asp?a=1222&q=530365&dcopnav=|31656|,(direct) / (none),47914,33927,0:04:15,29985,0.6972,0.5971,1064
2010,"/mpdc.dc.gov/mpdc/cwp/view,a,1239,Q,543308,mpdcNav_GID,1523,mpdcNav,|,.asp",google / organic,47914,34390,0:00:56,24112,0.3718,0.0583,1065
2010,"/otr.cfo.dc.gov/otr/cwp/view,a,1330,q,594065,otrNav_gid,1679,otrNav,%7C33280%7C.asp",google / organic,46833,31879,0:00:39,20016,0.1158,0.115,1066
2010,/doc.dc.gov/doc/site/default.asp,google / organic,46794,29212,0:01:02,24460,0.3017,0.5051,1067
2010,/www.grc.dc.gov/grc/site/default.asp?grcNav_GID=0&portal_link=hr,dc.gov / referral,46330,39800,0:03:31,39104,0.8014,0.4623,1068
2010,"/otr.cfo.dc.gov/otr/cwp/view,a,1330,q,594065.asp",google / organic,45210,31183,0:00:43,3439,0.1573,0.5846,1069
2010,"/hpla.doh.dc.gov/hpla/cwp/view,a,1195,q,488526,hplanav,|30661|,.asp",google / organic,45094,35434,0:01:13,34081,0.364,0.7283,1070
2010,/www.rrc.dc.gov/rrc/cwp/view.asp?a=1184&Q=447156&rrcNav_GID=1416&portal_link=hr,dc.gov / referral,44939,35356,0:00:22,35124,0.1078,0.872,1071
2010,/dc.gov/index.asp,bing / organic,44746,33231,0:05:55,32420,0.7628,0.0447,1072
2010,/osse.dc.gov/seo/site/default.asp,google / organic,44746,32265,0:01:06,29908,0.2817,0.1769,1073
2010,"/cfo.dc.gov/cfo/cwp/view,a,3,q,590278,cfoNav,|33206|33208|33210|,.asp",dchr.dc.gov / referral,44514,15070,0:00:16,14529,0.0532,0.1542,1074
2010,/crimemap.dc.gov/presentation/intro.asp,mpdc.dc.gov / referral,43007,29367,0:00:27,29019,0.1758,0.1386,1075
2010,/otr.cfo.dc.gov/otr/site/default.asp?otrNav_GID=,google / organic,42737,30990,0:00:36,889,0.0866,0.6987,1076
2010,/cson.oag.dc.gov/casedata.aspx,csed.dc.gov / referral,42659,17775,0:35:08,155,0,0.0122,1077
2010,/does.dc.gov/does/site/default.asp,(direct) / (none),41925,34815,0:00:28,29174,0.1338,0.4939,1078
2010,/dpr.dc.gov/dpr/site/default.asp,(direct) / (none),41616,34313,0:02:25,34042,0.6754,0.7988,1079
2010,"/otr.cfo.dc.gov/otr/cwp/view,a,1330,q,594275.asp",google / organic,41191,23069,0:01:40,4946,0.2891,0.6541,1080
2010,/doc.dc.gov/doc/site/default.asp,(direct) / (none),41075,33772,0:02:38,32265,0.8048,0.5805,1081
2010,"/otr.cfo.dc.gov/otr/cwp/view,a,1330,q,593820,otrNav_gid,1679,otrNav,|33280|.asp",google / organic,40805,30178,0:00:58,4830,0.2,0.3001,1082
2010,/mpdc.dc.gov/mpdc/site/default.asp?mpdcNav_GID=1523&mpdcNav=|31417|,google / organic,40302,26198,0:00:55,1314,0.3234,0.2857,1083
2010,"/otr.cfo.dc.gov/otr/cwp/view,a,1330,q,594275.asp",(direct) / (none),40186,24846,0:01:48,15611,0.4505,0.2063,1084
2010,"/cfo.washingtondc.gov/cfo/cwp/view,a,1326,q,590719,.asp",(direct) / (none),39800,15495,0:00:43,3362,0.9884,0.6431,1085
2010,/dchr.dc.gov/dcop/site/default.asp,google / organic,39568,30101,0:01:34,26160,0.226,0.3824,1086
2010,"/does.dc.gov/does/cwp/view,a,1232,q,640720.asp",google / organic,39375,34931,0:20:31,28981,0.7973,0.3443,1087
2010,/otr.cfo.dc.gov/otr/site/default.asp,bing / organic,39259,26623,0:00:49,20170,0.2069,0.654,1088
2010,"/www.does.dc.gov/does/cwp/view,a,1232,q,643247,doesNav,|32062|.asp",google / organic,39027,31685,0:10:28,3864,0.72,0.1387,1089
2010,"/otr.cfo.dc.gov/otr/cwp/view,a,1330,q,594366,otrNav_gid,1679,otrNav,|33280|.asp",google / organic,38911,26160,0:00:20,7110,0.0869,0.5067,1090
2010,/dcop.dc.gov/dcop/cwp/view.asp?a=1222&q=530365&dcopnav=|31656|,rrc.dc.gov / referral,38061,27551,0:02:43,27474,0.7285,0.2719,1091
2010,/crimemap.dc.gov/presentation/query.asp,google / organic,37791,14258,0:00:41,2473,0.2814,0.1993,1092
2010,/www.dhcd.dc.gov/dhcd/site/default.asp,(direct) / (none),37791,32690,0:04:07,31879,0.8412,0.1041,1093
2010,/ddot.dc.gov/DC/DDOT/,(direct) / (none),37675,27937,0:01:50,25889,0.4642,0.7436,1094
2010,"/otr.cfo.dc.gov/otr/cwp/view,a,1330,q,593820.asp",google / organic,37481,24228,0:00:29,618,0.1877,0.6252,1095
2010,/crimemap.dc.gov/presentation/report.asp,google / organic,37250,12558,0:00:53,386,0.5,0.5766,1096
2010,/dcra.dc.gov/DC/DCRA/For+Business/2010+Curbside+Cookoff,(direct) / (none),37250,25310,0:03:24,24846,0.8165,0.6374,1097
2010,/otr.cfo.dc.gov/otr/site/default.asp,brc.dc.gov / referral,37134,22489,0:00:33,22141,0.171,0.768,1098
2010,"/www.does.dc.gov/does/cwp/view,a,1232,q,537855,doesNav,%7C32062%7C.asp",google / organic,36438,30024,0:01:34,28903,0.5267,0.1565,1099
,,,,,,,,,
,,,,,,,,,
,,,,,,,,,
,,,,,,,,,
,,,,,,,,,
,,,,,,,,,
,,,,,,,,,
,,,,,,,,,
,,,,,,,,,
,,,,,,,,,
,,,,,,,,,
,,,,,,,,,
,,,,,,,,,
,,,,,,,,,
,,,,,,,,,
,,,,,,,,,
,,,,,,,,,
,,,,,,,,,
,,,,,,,,,
,,,,,,,,,
,,,,,,,,,
,,,,,,,,,
,,,,,,,,,
,,,,,,,,,
,,,,,,,,,
,,,,,,,,,
,,,,,,,,,
,,,,,,,,,
,,,,,,,,,
,,,,,,,,,
,,,,,,,,,
,,,,,,,,,
,,,,,,,,,
,,,,,,,,,
,,,,,,,,,
,,,,,,,,,
,,,,,,,,,
,,,,,,,,,
,,,,,,,,,
,,,,,,,,,
,,,,,,,,,
,,,,,,,,,
,,,,,,,,,
,,,,,,,,,
,,,,,,,,,
,,,,,,,,,
,,,,,,,,,
,,,,,,,,,
,,,,,,,,,
,,,,,,,,,
,,,,,,,,,
,,,,,,,,,
,,,,,,,,,
,,,,,,,,,
,,,,,,,,,
,,,,,,,,,
,,,,,,,,,
,,,,,,,,,
,,,,,,,,,
,,,,,,,,,
,,,,,,,,,
,,,,,,,,,
,,,,,,,,,
,,,,,,,,,
,,,,,,,,,
,,,,,,,,,
,,,,,,,,,
,,,,,,,,,
,,,,,,,,,
,,,,,,,,,
,,,,,,,,,
,,,,,,,,,
,,,,,,,,,
,,,,,,,,,
,,,,,,,,,
,,,,,,,,,
,,,,,,,,,
,,,,,,,,,
,,,,,,,,,
,,,,,,,,,
,,,,,,,,,
,,,,,,,,,
,,,,,,,,,
,,,,,,,,,
,,,,,,,,,
,,,,,,,,,
,,,,,,,,,
,,,,,,,,,
,,,,,,,,,
,,,,,,,,,
,,,,,,,,,
,,,,,,,,,
,,,,,,,,,
,,,,,,,,,
,,,,,,,,,
,,,,,,,,,
,,,,,,,,,
,,,,,,,,,
,,,,,,,,,
,,,,,,,,,
,,,,,,,,,
,,,,,,,,,
,,,,,,,,,
,,,,,,,,,
,,,,,,,,,
,,,,,,,,,
,,,,,,,,,
,,,,,,,,,
,,,,,,,,,
,,,,,,,,,
,,,,,,,,,
,,,,,,,,,
,,,,,,,,,
,,,,,,,,,
,,,,,,,,,
,,,,,,,,,
,,,,,,,,,
,,,,,,,,,
,,,,,,,,,
,,,,,,,,,
,,,,,,,,,
,,,,,,,,,
,,,,,,,,,
,,,,,,,,,
,,,,,,,,,
,,,,,,,,,
,,,,,,,,,
,,,,,,,,,
,,,,,,,,,
,,,,,,,,,
,,,,,,,,,
,,,,,,,,,
,,,,,,,,,
,,,,,,,,,
,,,,,,,,,
,,,,,,,,,
,,,,,,,,,
,,,,,,,,,
,,,,,,,,,
,,,,,,,,,
,,,,,,,,,
,,,,,,,,,
,,,,,,,,,
,,,,,,,,,
,,,,,,,,,
,,,,,,,,,
,,,,,,,,,
,,,,,,,,,
,,,,,,,,,
,,,,,,,,,
,,,,,,,,,
,,,,,,,,,
,,,,,,,,,
,,,,,,,,,
,,,,,,,,,
,,,,,,,,,
,,,,,,,,,
,,,,,,,,,
,,,,,,,,,
,,,,,,,,,
,,,,,,,,,
,,,,,,,,,
,,,,,,,,,
,,,,,,,,,
,,,,,,,,,
,,,,,,,,,
,,,,,,,,,
,,,,,,,,,
,,,,,,,,,
,,,,,,,,,
,,,,,,,,,
,,,,,,,,,
,,,,,,,,,
,,,,,,,,,
,,,,,,,,,
,,,,,,,,,
,,,,,,,,,
,,,,,,,,,
,,,,,,,,,
,,,,,,,,,
,,,,,,,,,
,,,,,,,,,
,,,,,,,,,
,,,,,,,,,
,,,,,,,,,
,,,,,,,,,
,,,,,,,,,
,,,,,,,,,
,,,,,,,,,
,,,,,,,,,
,,,,,,,,,
,,,,,,,,,
,,,,,,,,,
,,,,,,,,,
,,,,,,,,,
,,,,,,,,,
,,,,,,,,,
,,,,,,,,,
,,,,,,,,,
,,,,,,,,,
